customer_id,name,age,salary,loan,credit,exp,risk
1001,Rohit Sharma,27,122097,196316,762,16,Safe
1002,Mohit Verma,34,160604,148246,708,3,Safe
1003,Suresh Choudhary,55,56956,237700,843,14,Safe
1004,Pankaj Yadav,31,167757,56814,850,19,Safe
1005,Pankaj Meena,27,122842,402944,739,15,Safe
1006,Vikas Gupta,37,75353,366526,791,24,Safe
1007,Amit Kumar,26,170435,446922,837,9,Safe
1008,Mohit Patel,23,144800,122933,847,14,Safe
1009,Suresh Patel,38,70916,249295,759,8,Safe
1010,Manoj Jain,34,145638,422528,741,25,Safe
1011,Mahesh Kumar,36,68717,330043,855,12,Safe
1012,Deepak Joshi,24,149471,390035,769,16,Safe
1013,Suresh Sharma,34,132694,119403,802,19,Safe
1014,Sachin Kumar,50,132490,464850,754,33,Safe
1015,Ankit Patel,48,86603,356491,763,18,Safe
1016,Sachin Gupta,52,144895,584277,756,10,Safe
1017,Vikas Sharma,59,78743,271333,739,12,Safe
1018,Vikas Gupta,37,150039,604816,852,31,Safe
1019,Mohit Sharma,42,80029,386048,874,19,Safe
1020,Rohit Patel,37,163971,53402,740,31,Safe
1021,Aman Singh,53,183085,719987,727,21,Safe
1022,Tarun Yadav,54,90065,332789,795,12,Safe
1023,Rahul Saini,44,134975,167301,825,3,Safe
1024,Vivek Yadav,52,65184,94907,761,7,Safe
1025,Vikas Choudhary,31,82967,338255,732,32,Safe
1026,Mahesh Choudhary,40,160923,797581,754,14,Safe
1027,Nitin Jain,28,147889,523417,812,35,Safe
1028,Suresh Yadav,58,66784,170646,786,3,Safe
1029,Suresh Sharma,25,68610,170031,881,5,Safe
1030,Amit Meena,52,68574,196002,831,17,Safe
1031,Karan Choudhary,51,84684,177400,885,32,Safe
1032,Pankaj Yadav,48,74726,235753,724,29,Safe
1033,Pankaj Joshi,46,64200,81778,872,8,Safe
1034,Arjun Verma,29,115183,520405,749,14,Safe
1035,Pankaj Singh,49,123018,129046,818,17,Safe
1036,Mohit Verma,36,63261,98896,866,2,Safe
1037,Deepak Gupta,24,177307,470521,823,15,Safe
1038,Deepak Gupta,39,50565,169277,799,18,Safe
1039,Pankaj Kumar,33,195691,212316,869,33,Safe
1040,Vivek Yadav,24,65331,214419,848,5,Safe
1041,Amit Saini,24,174987,215080,828,35,Safe
1042,Aman Verma,36,98712,404005,717,6,Safe
1043,Nitin Verma,26,199336,699468,763,4,Safe
1044,Pankaj Jain,34,198170,323432,833,22,Safe
1045,Arjun Yadav,50,119629,364569,801,10,Safe
1046,Arjun Verma,55,52441,69204,817,8,Safe
1047,Karan Choudhary,36,119520,122132,733,24,Safe
1048,Ajay Patel,54,91352,370695,812,21,Safe
1049,Rahul Jain,29,195385,970782,776,8,Safe
1050,Mahesh Verma,39,78058,192788,890,11,Safe
1051,Tarun Yadav,52,139884,579959,752,18,Safe
1052,Mahesh Sharma,23,74195,195060,862,29,Safe
1053,Rahul Meena,49,84293,134715,863,18,Safe
1054,Mohit Kumar,25,162115,167308,843,2,Safe
1055,Ankit Choudhary,29,59444,162666,794,11,Safe
1056,Amit Patel,36,145591,270281,710,24,Safe
1057,Rohit Meena,31,196770,298237,804,11,Safe
1058,Deepak Gupta,47,56497,255097,745,23,Safe
1059,Suresh Patel,23,91732,250562,879,8,Safe
1060,Rakesh Yadav,35,102316,210007,817,24,Safe
1061,Suresh Sharma,25,100627,196068,802,23,Safe
1062,Mahesh Meena,28,183537,78941,802,23,Safe
1063,Mahesh Singh,43,119590,505673,709,8,Safe
1064,Arjun Gupta,33,184066,654596,729,26,Safe
1065,Mahesh Sharma,33,164309,614607,700,35,Safe
1066,Ajay Gupta,28,68343,214582,870,23,Safe
1067,Vivek Choudhary,46,131077,392027,870,28,Safe
1068,Vivek Choudhary,45,83367,398614,749,28,Safe
1069,Deepak Saini,21,199187,624553,777,27,Safe
1070,Vivek Patel,49,105098,293787,810,22,Safe
1071,Manoj Jain,31,106020,466145,830,32,Safe
1072,Vikas Patel,36,185122,147923,869,23,Safe
1073,Vivek Yadav,36,102200,74229,737,3,Safe
1074,Rakesh Saini,45,69091,151940,816,28,Safe
1075,Rakesh Gupta,27,113959,518010,737,2,Safe
1076,Pankaj Yadav,24,96107,293557,878,35,Safe
1077,Mohit Yadav,54,81813,293606,816,10,Safe
1078,Mohit Saini,48,133177,579298,893,30,Safe
1079,Mohit Joshi,37,91722,285966,890,32,Safe
1080,Suresh Jain,36,122695,558136,896,35,Safe
1081,Mahesh Joshi,38,70311,172942,882,20,Safe
1082,Arjun Meena,35,191597,208157,720,10,Safe
1083,Nitin Kumar,47,90056,83674,880,15,Safe
1084,Pankaj Meena,34,192242,115290,819,28,Safe
1085,Pankaj Gupta,21,55120,175037,895,26,Safe
1086,Ajay Patel,35,152232,561945,807,16,Safe
1087,Mahesh Gupta,46,177308,402457,707,26,Safe
1088,Deepak Joshi,58,83456,256580,859,3,Safe
1089,Sachin Jain,50,57104,85572,721,29,Safe
1090,Deepak Sharma,50,118198,271941,797,22,Safe
1091,Arjun Meena,26,149385,314525,771,28,Safe
1092,Rakesh Sharma,25,191405,285113,713,24,Safe
1093,Amit Sharma,30,114823,375758,751,3,Safe
1094,Suresh Singh,34,174141,641364,871,9,Safe
1095,Manoj Kumar,59,117172,225939,896,25,Safe
1096,Tarun Kumar,27,80024,213073,899,12,Safe
1097,Sachin Sharma,33,131777,465922,847,26,Safe
1098,Vikas Saini,59,113661,495798,726,21,Safe
1099,Rohit Saini,44,60766,223413,788,29,Safe
1100,Vikas Choudhary,27,139451,564013,703,28,Safe
1101,Pankaj Meena,32,170517,506641,881,11,Safe
1102,Aman Jain,48,120800,537455,857,32,Safe
1103,Sachin Patel,49,134490,342477,762,7,Safe
1104,Suresh Joshi,22,199382,402737,856,26,Safe
1105,Rakesh Meena,37,97668,236030,824,15,Safe
1106,Arjun Patel,33,122422,591722,842,2,Safe
1107,Vikas Yadav,51,156542,774156,825,17,Safe
1108,Rakesh Joshi,46,54520,108090,723,20,Safe
1109,Suresh Patel,48,146736,410455,821,35,Safe
1110,Mohit Meena,40,142225,334076,879,31,Safe
1111,Mahesh Yadav,28,81629,215438,884,14,Safe
1112,Mohit Kumar,51,98535,437241,749,15,Safe
1113,Mahesh Kumar,33,187530,155409,852,20,Safe
1114,Vivek Yadav,55,144602,64835,745,21,Safe
1115,Ankit Patel,29,61931,232823,713,20,Safe
1116,Rakesh Verma,51,53215,173049,846,20,Safe
1117,Manoj Meena,28,98329,300467,713,18,Safe
1118,Vikas Gupta,30,178908,209097,718,5,Safe
1119,Sachin Patel,47,72329,342590,763,9,Safe
1120,Tarun Saini,49,109162,249427,898,35,Safe
1121,Manoj Patel,27,162415,689244,778,5,Safe
1122,Karan Jain,36,105318,132343,767,7,Safe
1123,Deepak Choudhary,49,69677,264180,740,2,Safe
1124,Tarun Joshi,39,126351,352099,708,16,Safe
1125,Manoj Verma,28,111190,272895,767,14,Safe
1126,Mohit Yadav,24,89056,87439,768,11,Safe
1127,Deepak Patel,50,199214,180394,773,30,Safe
1128,Vivek Kumar,52,155515,616211,769,34,Safe
1129,Manoj Verma,37,60449,208259,810,22,Safe
1130,Rahul Verma,38,110011,450954,872,3,Safe
1131,Sachin Sharma,49,95925,391578,820,35,Safe
1132,Mahesh Singh,51,164264,145674,862,33,Safe
1133,Ajay Gupta,42,137374,218637,782,8,Safe
1134,Pankaj Kumar,56,179884,847441,773,27,Safe
1135,Amit Joshi,28,73084,219488,780,18,Safe
1136,Nitin Choudhary,24,50301,158330,868,31,Safe
1137,Karan Choudhary,49,144838,705788,859,33,Safe
1138,Amit Yadav,49,120007,352020,840,10,Safe
1139,Rakesh Verma,31,57567,236065,861,17,Safe
1140,Vivek Choudhary,35,53584,74434,841,28,Safe
1141,Rohit Joshi,39,80793,311292,865,11,Safe
1142,Aman Kumar,36,121676,545158,806,32,Safe
1143,Manoj Choudhary,53,87917,364246,798,14,Safe
1144,Ankit Verma,53,122416,406385,897,28,Safe
1145,Mahesh Sharma,30,124144,563425,885,21,Safe
1146,Manoj Choudhary,55,176967,628727,788,23,Safe
1147,Nitin Joshi,45,134352,649573,748,17,Safe
1148,Suresh Gupta,45,61441,234871,781,32,Safe
1149,Nitin Jain,53,89873,116189,826,4,Safe
1150,Sachin Meena,50,76309,325749,812,8,Safe
1151,Rahul Kumar,51,87789,89231,804,11,Safe
1152,Mahesh Meena,55,154197,394525,866,7,Safe
1153,Nitin Meena,25,177912,697453,838,4,Safe
1154,Suresh Jain,27,125334,505052,758,7,Safe
1155,Rohit Joshi,23,93611,65176,877,21,Safe
1156,Arjun Sharma,30,126904,501607,791,25,Safe
1157,Suresh Choudhary,32,158016,228240,844,13,Safe
1158,Vikas Saini,58,150281,571841,858,17,Safe
1159,Ankit Yadav,37,170887,531894,863,18,Safe
1160,Rahul Joshi,49,125400,127449,873,12,Safe
1161,Ajay Saini,50,128421,312246,863,29,Safe
1162,Vivek Yadav,45,150845,298728,823,8,Safe
1163,Sachin Meena,46,127561,73005,879,20,Safe
1164,Mahesh Sharma,52,198354,685863,875,5,Safe
1165,Vivek Yadav,37,142358,701051,756,14,Safe
1166,Ankit Jain,49,75470,211969,860,4,Safe
1167,Amit Saini,39,145646,144511,887,10,Safe
1168,Arjun Kumar,55,158921,188579,744,14,Safe
1169,Ajay Choudhary,51,181542,319452,769,12,Safe
1170,Vivek Kumar,30,138792,128957,729,31,Safe
1171,Suresh Jain,46,154179,144689,842,25,Safe
1172,Rahul Patel,37,190659,436490,731,31,Safe
1173,Sachin Gupta,22,147379,544379,727,16,Safe
1174,Tarun Choudhary,50,135984,116287,856,16,Safe
1175,Vivek Jain,23,157032,97549,729,10,Safe
1176,Vivek Joshi,29,80440,331829,724,17,Safe
1177,Nitin Joshi,30,147258,665870,871,28,Safe
1178,Pankaj Jain,23,75957,196664,825,28,Safe
1179,Ajay Yadav,27,166230,430303,813,17,Safe
1180,Ajay Choudhary,33,144024,339282,715,27,Safe
1181,Rohit Joshi,22,74031,363076,869,15,Safe
1182,Amit Meena,56,113850,85971,732,15,Safe
1183,Karan Saini,30,106610,455992,759,23,Safe
1184,Tarun Sharma,32,122685,312829,737,10,Safe
1185,Rohit Jain,36,56758,143911,733,2,Safe
1186,Sachin Meena,29,54136,63736,744,18,Safe
1187,Pankaj Choudhary,49,79792,299690,890,6,Safe
1188,Ajay Choudhary,60,78587,166155,815,34,Safe
1189,Amit Kumar,22,186695,724591,777,31,Safe
1190,Amit Joshi,49,155281,564084,809,8,Safe
1191,Vikas Verma,29,134439,118872,855,11,Safe
1192,Mahesh Saini,59,193748,449407,882,22,Safe
1193,Aman Patel,28,168938,153996,829,29,Safe
1194,Mohit Kumar,35,106367,515615,810,30,Safe
1195,Pankaj Meena,27,168882,815054,802,28,Safe
1196,Arjun Gupta,30,131926,442483,870,18,Safe
1197,Rakesh Verma,27,73914,276427,721,7,Safe
1198,Ajay Singh,28,195849,752559,715,23,Safe
1199,Pankaj Meena,59,160870,351601,884,5,Safe
1200,Vivek Meena,30,77158,161536,847,34,Safe
1201,Rakesh Yadav,38,78368,110232,789,25,Safe
1202,Sachin Yadav,38,162489,688577,843,3,Safe
1203,Rahul Singh,43,121636,406331,879,21,Safe
1204,Rahul Singh,30,87552,86482,844,27,Safe
1205,Rahul Verma,50,189062,490226,755,26,Safe
1206,Arjun Singh,59,147007,645164,779,22,Safe
1207,Vikas Sharma,26,90784,403353,740,5,Safe
1208,Mahesh Joshi,38,161152,484303,824,30,Safe
1209,Karan Choudhary,39,79836,108138,788,29,Safe
1210,Sachin Joshi,35,188132,97623,870,21,Safe
1211,Nitin Saini,34,64360,208030,701,15,Safe
1212,Ankit Patel,52,125876,58105,783,9,Safe
1213,Pankaj Singh,56,83865,312281,797,16,Safe
1214,Ajay Verma,22,154089,507409,889,4,Safe
1215,Manoj Verma,46,132066,651253,847,29,Safe
1216,Pankaj Patel,31,80192,220272,803,3,Safe
1217,Tarun Joshi,36,144857,161005,722,29,Safe
1218,Pankaj Saini,40,154975,464991,834,7,Safe
1219,Arjun Yadav,53,137311,130089,899,12,Safe
1220,Rohit Choudhary,30,183680,418154,749,24,Safe
1221,Suresh Verma,59,88389,140963,765,14,Safe
1222,Ankit Jain,57,69753,293245,745,33,Safe
1223,Sachin Joshi,41,197978,956228,864,22,Safe
1224,Ankit Joshi,38,67900,208765,820,30,Safe
1225,Sachin Sharma,50,142259,375486,829,6,Safe
1226,Manoj Sharma,26,64913,90229,794,20,Safe
1227,Tarun Saini,56,182924,658519,798,31,Safe
1228,Amit Joshi,59,199856,387145,866,14,Safe
1229,Rakesh Choudhary,42,89547,104264,715,30,Safe
1230,Vikas Choudhary,49,95235,420997,710,17,Safe
1231,Manoj Choudhary,44,187035,431574,856,12,Safe
1232,Vivek Gupta,59,157156,761875,898,23,Safe
1233,Amit Jain,56,137726,149096,716,23,Safe
1234,Nitin Patel,26,116059,399555,885,11,Safe
1235,Sachin Jain,46,87074,393961,789,21,Safe
1236,Ankit Saini,29,72208,222216,779,26,Safe
1237,Aman Verma,44,160993,69116,830,25,Safe
1238,Vivek Singh,35,106149,150666,787,33,Safe
1239,Ankit Singh,55,70228,316175,775,8,Safe
1240,Aman Sharma,45,138280,676258,896,10,Safe
1241,Ankit Singh,49,97407,428107,877,12,Safe
1242,Amit Gupta,60,145498,515776,873,17,Safe
1243,Vivek Kumar,51,167683,374500,759,17,Safe
1244,Karan Meena,39,199532,856814,812,31,Safe
1245,Nitin Choudhary,33,188270,906572,807,12,Safe
1246,Tarun Singh,56,115536,439244,713,32,Safe
1247,Rohit Kumar,31,185242,137949,731,20,Safe
1248,Mahesh Joshi,35,184572,146168,737,29,Safe
1249,Manoj Meena,53,56991,153928,806,5,Safe
1250,Ajay Yadav,22,151231,285445,720,25,Safe
1251,Arjun Verma,39,137894,90163,737,10,Safe
1252,Rakesh Kumar,60,86383,285196,894,32,Safe
1253,Rahul Verma,30,54981,268880,765,15,Safe
1254,Mohit Kumar,39,188352,863875,808,9,Safe
1255,Suresh Patel,60,81941,270109,712,17,Safe
1256,Manoj Verma,53,79060,381326,827,3,Safe
1257,Sachin Yadav,60,87637,50820,774,29,Safe
1258,Ajay Yadav,26,199596,746643,806,13,Safe
1259,Aman Meena,56,67741,316140,834,34,Safe
1260,Rahul Gupta,37,173243,441435,711,26,Safe
1261,Rahul Meena,58,67710,104349,788,17,Safe
1262,Arjun Singh,32,61622,263256,790,23,Safe
1263,Manoj Kumar,25,175444,191403,861,13,Safe
1264,Manoj Sharma,23,126924,259159,751,4,Safe
1265,Arjun Patel,23,185104,315618,801,32,Safe
1266,Karan Patel,38,143578,398048,899,5,Safe
1267,Rohit Meena,42,164544,455426,802,30,Safe
1268,Deepak Joshi,26,180422,329676,794,35,Safe
1269,Pankaj Verma,39,162881,621971,854,13,Safe
1270,Arjun Verma,49,70989,210692,783,20,Safe
1271,Tarun Kumar,49,161703,418623,742,30,Safe
1272,Amit Kumar,24,142421,337892,857,29,Safe
1273,Vikas Jain,31,156485,762413,793,34,Safe
1274,Rahul Singh,36,164864,120499,708,10,Safe
1275,Ajay Meena,30,150362,684487,845,4,Safe
1276,Manoj Meena,29,147521,651800,813,6,Safe
1277,Aman Meena,28,154342,311736,780,19,Safe
1278,Rahul Kumar,56,98771,252892,827,35,Safe
1279,Rohit Patel,60,118233,274993,880,30,Safe
1280,Vivek Kumar,25,178765,192321,751,9,Safe
1281,Manoj Singh,43,166683,750280,722,22,Safe
1282,Vikas Choudhary,31,192126,942717,774,21,Safe
1283,Deepak Meena,29,183367,260743,757,9,Safe
1284,Suresh Joshi,56,56890,172527,792,25,Safe
1285,Ankit Saini,51,72600,258750,716,21,Safe
1286,Aman Gupta,41,157330,181414,847,6,Safe
1287,Vikas Joshi,29,172115,411249,874,35,Safe
1288,Mohit Jain,53,97700,276816,896,10,Safe
1289,Amit Verma,31,185817,222655,739,21,Safe
1290,Arjun Kumar,39,109105,519198,788,35,Safe
1291,Vikas Patel,40,101459,115625,862,19,Safe
1292,Tarun Choudhary,58,74491,360278,828,12,Safe
1293,Ankit Singh,26,138504,79751,844,4,Safe
1294,Amit Jain,60,119377,486822,866,15,Safe
1295,Rahul Joshi,36,193019,556404,774,21,Safe
1296,Nitin Patel,49,168893,215759,718,5,Safe
1297,Pankaj Joshi,30,171750,686129,752,23,Safe
1298,Arjun Kumar,29,133706,468084,887,24,Safe
1299,Ajay Choudhary,50,197233,303480,727,22,Safe
1300,Rohit Patel,24,167858,151514,763,11,Safe
1301,Vivek Gupta,57,159611,393341,763,12,Safe
1302,Arjun Yadav,52,91770,294745,827,34,Safe
1303,Vivek Joshi,50,56075,182499,723,27,Safe
1304,Suresh Yadav,52,142509,345023,712,5,Safe
1305,Tarun Jain,48,173361,162718,773,2,Safe
1306,Ankit Patel,23,145886,433713,895,27,Safe
1307,Nitin Sharma,56,199495,430133,843,14,Safe
1308,Vivek Verma,38,151279,626566,829,30,Safe
1309,Tarun Jain,44,81145,256518,732,8,Safe
1310,Arjun Choudhary,59,145841,258727,893,11,Safe
1311,Aman Gupta,29,181092,90804,710,4,Safe
1312,Arjun Joshi,53,186139,685710,816,11,Safe
1313,Ankit Meena,58,133500,363769,741,27,Safe
1314,Arjun Choudhary,57,183618,793167,836,33,Safe
1315,Vivek Joshi,28,54361,226634,794,23,Safe
1316,Pankaj Saini,37,130655,547643,885,3,Safe
1317,Sachin Saini,51,109649,355934,884,5,Safe
1318,Deepak Choudhary,57,149664,83104,737,17,Safe
1319,Rohit Yadav,30,54964,159780,812,22,Safe
1320,Pankaj Kumar,60,103448,456308,805,34,Safe
1321,Rakesh Kumar,34,66326,321939,880,10,Safe
1322,Mohit Meena,32,175402,378993,834,26,Safe
1323,Manoj Choudhary,60,139738,327203,839,24,Safe
1324,Rakesh Yadav,40,114623,167895,771,21,Safe
1325,Vivek Kumar,51,104336,216220,876,33,Safe
1326,Ajay Choudhary,46,121685,448138,773,9,Safe
1327,Ajay Singh,43,126140,132868,710,20,Safe
1328,Manoj Jain,33,117225,274381,891,32,Safe
1329,Mohit Patel,27,197329,193941,878,19,Safe
1330,Tarun Kumar,54,112726,401185,762,5,Safe
1331,Suresh Jain,42,111036,266688,713,8,Safe
1332,Rakesh Verma,51,86036,263336,701,12,Safe
1333,Rakesh Jain,39,102286,218384,893,20,Safe
1334,Amit Verma,32,110875,528795,836,4,Safe
1335,Pankaj Singh,39,59526,98840,801,33,Safe
1336,Amit Sharma,39,128221,401317,845,8,Safe
1337,Manoj Jain,53,192422,190718,834,33,Safe
1338,Manoj Patel,50,100544,135193,728,23,Safe
1339,Mahesh Kumar,39,98810,464589,703,23,Safe
1340,Sachin Jain,48,100636,483580,744,27,Safe
1341,Aman Meena,29,72737,146878,802,8,Safe
1342,Rakesh Meena,36,115024,452206,701,18,Safe
1343,Manoj Patel,44,136409,324258,777,2,Safe
1344,Suresh Sharma,46,80991,133737,819,21,Safe
1345,Aman Kumar,44,131521,359369,876,9,Safe
1346,Tarun Yadav,50,107443,130313,734,32,Safe
1347,Tarun Meena,34,159011,613628,879,32,Safe
1348,Suresh Jain,44,71461,326914,834,30,Safe
1349,Vikas Saini,57,79414,155988,715,34,Safe
1350,Mohit Singh,28,93132,281651,783,35,Safe
1351,Karan Kumar,24,178143,517122,723,34,Safe
1352,Manoj Singh,24,184544,641303,806,31,Safe
1353,Mohit Joshi,37,130784,465182,885,3,Safe
1354,Rahul Kumar,48,107121,73744,848,6,Safe
1355,Ajay Kumar,51,66714,86185,838,5,Safe
1356,Amit Patel,47,157182,722687,746,10,Safe
1357,Ajay Gupta,55,167581,134148,796,26,Safe
1358,Ankit Jain,46,141165,613356,730,13,Safe
1359,Aman Singh,50,108376,206428,700,3,Safe
1360,Mohit Gupta,50,189443,309535,797,16,Safe
1361,Ajay Singh,47,122259,83782,748,9,Safe
1362,Tarun Sharma,59,113089,102898,752,6,Safe
1363,Amit Joshi,49,62760,260902,762,4,Safe
1364,Suresh Choudhary,53,106955,123471,893,5,Safe
1365,Vivek Yadav,40,133598,298411,847,22,Safe
1366,Ankit Jain,38,186642,365098,756,28,Safe
1367,Amit Choudhary,52,95910,341425,860,29,Safe
1368,Amit Meena,47,149917,486548,834,22,Safe
1369,Ankit Patel,35,148686,302673,747,32,Safe
1370,Vivek Kumar,47,87840,344852,818,5,Safe
1371,Pankaj Choudhary,37,188934,304655,734,26,Safe
1372,Karan Meena,55,70727,98477,815,25,Safe
1373,Karan Sharma,33,120375,126319,796,4,Safe
1374,Sachin Kumar,42,196499,269036,755,32,Safe
1375,Vivek Sharma,51,105524,441579,748,9,Safe
1376,Suresh Kumar,41,103611,339448,801,17,Safe
1377,Vivek Gupta,37,172224,373404,836,24,Safe
1378,Ajay Choudhary,51,180358,891814,819,8,Safe
1379,Arjun Yadav,57,147178,97936,780,28,Safe
1380,Suresh Kumar,58,88252,340094,704,18,Safe
1381,Sachin Kumar,42,159465,255721,775,11,Safe
1382,Suresh Gupta,42,199366,627390,762,33,Safe
1383,Mahesh Joshi,43,178606,818367,817,12,Safe
1384,Deepak Singh,24,193273,618471,825,13,Safe
1385,Aman Sharma,47,69485,53346,871,5,Safe
1386,Ankit Jain,34,110668,54792,717,11,Safe
1387,Aman Joshi,22,147832,561552,715,32,Safe
1388,Rahul Choudhary,54,194610,67538,805,2,Safe
1389,Mahesh Choudhary,32,125153,501488,704,34,Safe
1390,Rohit Verma,60,187464,251255,738,17,Safe
1391,Aman Patel,44,142914,132857,768,27,Safe
1392,Nitin Joshi,26,198111,364546,762,16,Safe
1393,Amit Verma,51,156241,629549,797,26,Safe
1394,Amit Jain,52,52477,71675,879,12,Safe
1395,Pankaj Jain,23,136840,603815,844,8,Safe
1396,Suresh Yadav,25,198579,98823,821,19,Safe
1397,Mahesh Choudhary,41,197720,238066,868,4,Safe
1398,Rahul Yadav,40,87798,90337,892,27,Safe
1399,Deepak Saini,55,113038,404961,845,26,Safe
1400,Arjun Gupta,43,86687,312559,876,7,Safe
1401,Amit Verma,59,164580,407137,759,6,Safe
1402,Tarun Saini,38,153993,81064,898,22,Safe
1403,Manoj Joshi,32,109805,276412,791,26,Safe
1404,Sachin Jain,25,149633,308421,721,20,Safe
1405,Vikas Patel,45,90428,437792,797,11,Safe
1406,Arjun Meena,49,77931,211620,723,2,Safe
1407,Ajay Patel,48,76799,148247,733,7,Safe
1408,Manoj Choudhary,22,195421,158310,831,28,Safe
1409,Vikas Meena,45,195285,955674,723,22,Safe
1410,Rahul Patel,36,158477,636716,799,7,Safe
1411,Sachin Choudhary,29,94455,138867,875,26,Safe
1412,Mahesh Patel,31,120361,116340,826,11,Safe
1413,Pankaj Patel,44,160389,130657,776,32,Safe
1414,Mahesh Yadav,27,179971,530102,852,14,Safe
1415,Ankit Patel,45,51774,212579,801,23,Safe
1416,Arjun Joshi,41,137749,365029,810,10,Safe
1417,Tarun Kumar,46,102652,143133,822,22,Safe
1418,Arjun Patel,45,178714,391716,847,17,Safe
1419,Mahesh Gupta,55,145686,670995,729,14,Safe
1420,Deepak Jain,34,194205,792776,706,31,Safe
1421,Manoj Patel,40,68129,122969,804,33,Safe
1422,Suresh Patel,25,90407,247651,883,29,Safe
1423,Manoj Saini,53,175628,610324,849,27,Safe
1424,Pankaj Choudhary,36,59637,78670,792,7,Safe
1425,Ajay Singh,42,61612,303443,844,27,Safe
1426,Pankaj Verma,53,52765,108196,725,18,Safe
1427,Aman Choudhary,50,107942,255066,814,25,Safe
1428,Sachin Kumar,51,181194,75755,738,24,Safe
1429,Rohit Patel,43,159045,198557,721,9,Safe
1430,Vivek Meena,51,169362,596428,900,15,Safe
1431,Ajay Joshi,25,75591,217200,812,30,Safe
1432,Vivek Sharma,27,80168,389722,705,23,Safe
1433,Deepak Kumar,31,113940,339359,832,13,Safe
1434,Arjun Choudhary,32,161770,474723,818,16,Safe
1435,Deepak Jain,33,163281,693937,801,3,Safe
1436,Manoj Saini,34,162604,788968,799,2,Safe
1437,Karan Patel,32,66400,331484,847,8,Safe
1438,Ajay Meena,52,101661,187548,817,9,Safe
1439,Aman Jain,58,132157,461612,852,26,Safe
1440,Rohit Meena,60,142270,361893,817,13,Safe
1441,Sachin Verma,40,85113,175080,780,9,Safe
1442,Rohit Singh,45,147859,585638,877,11,Safe
1443,Pankaj Saini,32,86141,271794,847,26,Safe
1444,Rakesh Jain,31,190870,631868,877,13,Safe
1445,Rakesh Patel,60,86777,286454,747,22,Safe
1446,Amit Meena,45,52512,101151,824,10,Safe
1447,Mohit Choudhary,49,179753,485820,804,33,Safe
1448,Rakesh Singh,39,71671,165620,844,3,Safe
1449,Amit Patel,50,108941,138189,837,20,Safe
1450,Sachin Kumar,57,179843,168710,840,34,Safe
1451,Rohit Patel,49,192372,846922,793,4,Safe
1452,Mohit Yadav,23,161451,362170,726,17,Safe
1453,Manoj Patel,36,141377,173088,722,30,Safe
1454,Karan Kumar,60,141915,224044,881,29,Safe
1455,Ankit Yadav,38,104248,329068,715,24,Safe
1456,Tarun Choudhary,57,94139,201693,782,20,Safe
1457,Mahesh Choudhary,38,74962,81082,734,28,Safe
1458,Ankit Kumar,41,84784,422975,763,11,Safe
1459,Suresh Jain,38,152944,655474,825,11,Safe
1460,Pankaj Gupta,53,168486,472419,719,7,Safe
1461,Mahesh Kumar,58,146749,393187,816,33,Safe
1462,Rahul Kumar,25,74416,237811,887,31,Safe
1463,Mohit Gupta,38,107102,309373,809,15,Safe
1464,Arjun Patel,52,138540,643643,840,10,Safe
1465,Arjun Jain,22,62690,290953,711,8,Safe
1466,Rohit Singh,33,165680,498580,816,2,Safe
1467,Ankit Jain,44,129132,147874,740,19,Safe
1468,Mahesh Verma,46,147476,104302,870,12,Safe
1469,Vivek Kumar,27,111379,418940,809,7,Safe
1470,Rahul Yadav,35,174992,672518,719,10,Safe
1471,Aman Jain,42,166671,779386,702,2,Safe
1472,Rohit Gupta,45,84648,170034,822,6,Safe
1473,Vikas Kumar,40,76850,242708,726,22,Safe
1474,Ankit Gupta,54,84903,85867,864,11,Safe
1475,Sachin Sharma,34,93022,428762,812,24,Safe
1476,Ankit Gupta,29,165968,155345,755,7,Safe
1477,Rohit Saini,29,150671,379780,789,29,Safe
1478,Suresh Patel,40,72085,64063,763,20,Safe
1479,Karan Choudhary,24,183568,359898,748,27,Safe
1480,Suresh Joshi,59,151157,573850,728,17,Safe
1481,Vikas Choudhary,45,53163,84598,792,22,Safe
1482,Sachin Gupta,25,145790,543894,839,13,Safe
1483,Rahul Saini,23,67703,163111,703,18,Safe
1484,Amit Gupta,47,182804,854373,773,34,Safe
1485,Pankaj Kumar,26,155454,340946,721,11,Safe
1486,Vivek Verma,41,184035,612445,752,11,Safe
1487,Nitin Saini,24,67331,175114,779,29,Safe
1488,Suresh Verma,59,163897,692039,729,31,Safe
1489,Amit Patel,29,96044,421143,730,2,Safe
1490,Rahul Singh,37,180131,592347,788,35,Safe
1491,Deepak Meena,22,83274,111895,891,19,Safe
1492,Arjun Gupta,57,121298,325722,834,6,Safe
1493,Vikas Joshi,52,169327,108132,830,25,Safe
1494,Sachin Singh,57,146387,157903,740,18,Safe
1495,Rohit Yadav,36,183385,62884,700,4,Safe
1496,Amit Joshi,23,145414,237654,798,11,Safe
1497,Mohit Kumar,47,159935,310322,757,22,Safe
1498,Arjun Patel,53,70417,112600,846,25,Safe
1499,Amit Singh,25,108506,260200,832,4,Safe
1500,Manoj Patel,50,131447,629958,783,7,Safe
1501,Rahul Meena,36,33151,1481688,449,2,Risk
1502,Manoj Meena,36,58777,1450102,552,1,Risk
1503,Ankit Sharma,43,46872,1380062,312,1,Risk
1504,Rahul Meena,27,20095,755371,688,3,Risk
1505,Karan Choudhary,30,35608,313649,514,3,Risk
1506,Mahesh Verma,50,22877,905557,418,3,Risk
1507,Vikas Saini,46,26263,1477653,558,1,Risk
1508,Vikas Saini,36,57212,570175,331,3,Risk
1509,Vivek Patel,41,75765,1073024,461,3,Risk
1510,Manoj Patel,58,35309,471992,338,1,Risk
1511,Rohit Singh,41,26924,1122008,384,3,Risk
1512,Pankaj Verma,40,55122,1233348,483,1,Risk
1513,Manoj Patel,40,75868,719883,361,0,Risk
1514,Tarun Sharma,36,34091,371742,467,1,Risk
1515,Ajay Gupta,32,53650,823859,325,2,Risk
1516,Rahul Gupta,50,76007,588688,531,1,Risk
1517,Rohit Singh,29,27959,615967,306,0,Risk
1518,Karan Gupta,58,44395,1453196,651,0,Risk
1519,Mahesh Verma,49,21428,1471872,333,1,Risk
1520,Ankit Verma,50,79315,496115,469,0,Risk
1521,Amit Singh,22,57610,1338502,521,3,Risk
1522,Nitin Jain,32,47961,700097,388,2,Risk
1523,Mahesh Patel,39,49229,771593,376,0,Risk
1524,Rakesh Gupta,26,77853,527147,581,3,Risk
1525,Mahesh Gupta,36,28993,1257677,514,1,Risk
1526,Mohit Sharma,55,45067,1241306,665,2,Risk
1527,Rakesh Meena,38,79813,1223559,589,2,Risk
1528,Deepak Sharma,38,40897,275938,605,1,Risk
1529,Amit Joshi,27,54696,618237,483,1,Risk
1530,Suresh Jain,57,35804,649159,436,0,Risk
1531,Nitin Meena,58,74999,881078,388,1,Risk
1532,Arjun Kumar,57,65719,1076125,483,0,Risk
1533,Sachin Singh,40,56903,1431432,396,3,Risk
1534,Deepak Joshi,59,22487,610281,346,0,Risk
1535,Suresh Sharma,60,54501,978201,544,0,Risk
1536,Karan Singh,24,42331,900269,667,1,Risk
1537,Rahul Singh,54,58444,534837,660,1,Risk
1538,Ajay Verma,27,44483,1461381,660,3,Risk
1539,Arjun Patel,52,41142,1131889,369,1,Risk
1540,Arjun Singh,58,66345,809887,587,2,Risk
1541,Deepak Gupta,32,40107,477603,675,2,Risk
1542,Rahul Kumar,59,57541,679558,500,0,Risk
1543,Arjun Saini,30,34476,1222955,627,0,Risk
1544,Arjun Kumar,31,25099,805574,421,2,Risk
1545,Vikas Kumar,21,63910,1266200,627,2,Risk
1546,Mahesh Yadav,37,36353,926777,654,0,Risk
1547,Rohit Kumar,47,20083,1029429,324,3,Risk
1548,Deepak Gupta,45,52314,1416665,493,2,Risk
1549,Rohit Joshi,49,71690,709565,595,1,Risk
1550,Vikas Sharma,27,39327,754259,310,2,Risk
1551,Vikas Meena,56,31148,323031,492,1,Risk
1552,Vikas Meena,48,58930,369647,614,3,Risk
1553,Deepak Saini,27,78310,513864,522,1,Risk
1554,Arjun Yadav,40,32450,762646,509,2,Risk
1555,Suresh Verma,24,23252,448361,501,3,Risk
1556,Ajay Sharma,33,48023,1257436,344,2,Risk
1557,Rohit Sharma,51,33562,349642,387,2,Risk
1558,Rohit Patel,37,71437,1392895,503,3,Risk
1559,Vikas Jain,45,55659,1066381,498,1,Risk
1560,Ajay Singh,50,49214,1178272,322,2,Risk
1561,Mahesh Yadav,27,74858,701233,437,0,Risk
1562,Vikas Jain,35,42530,1459395,577,3,Risk
1563,Mohit Sharma,57,75102,1381288,498,3,Risk
1564,Suresh Joshi,53,39585,280755,340,3,Risk
1565,Sachin Choudhary,49,72458,624539,592,1,Risk
1566,Deepak Singh,48,33886,268927,398,1,Risk
1567,Vikas Jain,41,48533,793491,403,1,Risk
1568,Vikas Verma,41,45434,1394911,584,3,Risk
1569,Mahesh Choudhary,47,50025,496094,306,3,Risk
1570,Ankit Singh,57,57132,517192,601,0,Risk
1571,Rohit Patel,37,76850,1255948,574,2,Risk
1572,Nitin Jain,32,51823,347686,592,3,Risk
1573,Mahesh Gupta,46,29427,238467,616,3,Risk
1574,Arjun Kumar,44,35569,751107,325,3,Risk
1575,Rahul Meena,52,73568,965769,455,2,Risk
1576,Rohit Yadav,38,28807,826944,453,3,Risk
1577,Pankaj Saini,34,62307,1247881,345,1,Risk
1578,Pankaj Kumar,53,51749,386617,688,2,Risk
1579,Deepak Verma,54,40389,496423,663,3,Risk
1580,Sachin Sharma,36,31386,287783,398,1,Risk
1581,Amit Joshi,44,23313,701137,484,1,Risk
1582,Manoj Choudhary,36,46014,304165,625,0,Risk
1583,Ajay Joshi,58,58931,1299926,528,1,Risk
1584,Mohit Meena,39,42560,412365,383,2,Risk
1585,Rahul Gupta,35,23253,590471,383,1,Risk
1586,Karan Patel,51,62702,342170,509,0,Risk
1587,Ankit Jain,37,31350,636029,607,0,Risk
1588,Tarun Patel,45,66710,1232337,663,2,Risk
1589,Ajay Joshi,54,36514,826214,411,3,Risk
1590,Tarun Gupta,44,58304,1374242,352,0,Risk
1591,Mohit Jain,27,58913,930514,611,2,Risk
1592,Rakesh Verma,37,42038,800859,441,2,Risk
1593,Vivek Yadav,59,29825,278190,564,1,Risk
1594,Nitin Jain,52,40944,268103,648,1,Risk
1595,Vivek Patel,23,79435,1221446,514,3,Risk
1596,Sachin Kumar,55,57489,763774,397,2,Risk
1597,Rakesh Jain,56,43494,583957,559,2,Risk
1598,Deepak Patel,56,26396,684412,541,1,Risk
1599,Deepak Jain,43,78955,870874,471,0,Risk
1600,Suresh Kumar,44,77110,1090372,457,3,Risk
1601,Mahesh Saini,24,39270,1193136,537,0,Risk
1602,Sachin Saini,53,60675,721362,336,3,Risk
1603,Rohit Jain,24,45013,1101413,571,2,Risk
1604,Ankit Singh,50,33126,1369755,475,3,Risk
1605,Ankit Meena,52,76517,562058,666,1,Risk
1606,Arjun Jain,49,31588,177824,460,0,Risk
1607,Mahesh Yadav,52,69885,691687,696,1,Risk
1608,Vikas Singh,48,60270,1157327,522,3,Risk
1609,Rakesh Gupta,21,20305,893975,319,1,Risk
1610,Arjun Choudhary,36,32489,1486702,309,0,Risk
1611,Suresh Kumar,27,77474,667757,476,2,Risk
1612,Nitin Choudhary,23,58579,439811,456,1,Risk
1613,Vivek Patel,29,49879,1168856,672,2,Risk
1614,Arjun Joshi,46,43543,573500,684,1,Risk
1615,Rahul Yadav,22,34701,626403,672,1,Risk
1616,Sachin Choudhary,45,31074,243726,363,2,Risk
1617,Mahesh Choudhary,22,60837,540915,324,0,Risk
1618,Amit Kumar,28,27588,945389,513,3,Risk
1619,Mohit Patel,21,51090,696404,659,1,Risk
1620,Vivek Gupta,47,63362,614462,351,2,Risk
1621,Rohit Choudhary,28,67105,938404,616,0,Risk
1622,Rohit Joshi,54,33018,726628,611,1,Risk
1623,Karan Meena,23,66100,676827,509,2,Risk
1624,Mohit Joshi,36,79661,1101631,406,3,Risk
1625,Rahul Sharma,30,64016,1366291,345,0,Risk
1626,Vikas Choudhary,35,24918,671234,670,0,Risk
1627,Manoj Patel,32,37309,405859,537,0,Risk
1628,Amit Patel,28,43607,1121411,646,2,Risk
1629,Rohit Sharma,43,20633,802416,370,1,Risk
1630,Manoj Saini,42,37583,979360,675,0,Risk
1631,Deepak Verma,45,46265,811400,504,3,Risk
1632,Rakesh Gupta,24,62522,600506,385,0,Risk
1633,Deepak Verma,49,47264,1439480,602,3,Risk
1634,Deepak Saini,29,44887,294867,698,2,Risk
1635,Rakesh Joshi,25,27401,243415,510,3,Risk
1636,Mahesh Jain,54,40593,922432,306,1,Risk
1637,Aman Kumar,36,65913,1247312,616,0,Risk
1638,Rakesh Meena,56,63496,639230,646,3,Risk
1639,Tarun Sharma,51,20763,1174067,629,1,Risk
1640,Rakesh Singh,36,24906,806947,684,3,Risk
1641,Arjun Patel,45,23299,1280967,559,1,Risk
1642,Nitin Yadav,49,25166,1337571,535,3,Risk
1643,Vikas Joshi,22,49299,1299562,461,0,Risk
1644,Rohit Gupta,59,47023,435736,318,0,Risk
1645,Tarun Jain,42,39962,1166547,560,1,Risk
1646,Ajay Sharma,56,73515,1073772,414,3,Risk
1647,Tarun Saini,28,51007,1214064,666,2,Risk
1648,Rohit Jain,39,34532,927440,301,2,Risk
1649,Mohit Choudhary,31,44503,328518,659,0,Risk
1650,Rakesh Singh,37,73860,603614,667,3,Risk
1651,Tarun Yadav,50,32290,623573,361,3,Risk
1652,Karan Kumar,58,42146,318248,355,3,Risk
1653,Rohit Joshi,21,49975,1305994,637,1,Risk
1654,Aman Kumar,51,23183,1353002,583,3,Risk
1655,Aman Singh,27,65338,605926,596,1,Risk
1656,Nitin Jain,45,59357,1363980,610,2,Risk
1657,Pankaj Saini,46,65384,910692,690,1,Risk
1658,Arjun Patel,59,49677,1123974,368,1,Risk
1659,Aman Patel,33,75251,842055,659,2,Risk
1660,Karan Saini,32,66817,622317,448,2,Risk
1661,Aman Choudhary,43,65502,579532,626,2,Risk
1662,Mohit Joshi,39,58194,1420645,592,3,Risk
1663,Pankaj Sharma,30,54257,1080027,354,0,Risk
1664,Amit Jain,39,23709,466050,402,2,Risk
1665,Mahesh Singh,55,75009,812865,331,2,Risk
1666,Amit Meena,56,73348,847146,531,0,Risk
1667,Nitin Yadav,45,53483,375938,656,2,Risk
1668,Nitin Gupta,21,71649,481076,650,2,Risk
1669,Mahesh Yadav,44,60669,786354,699,3,Risk
1670,Sachin Choudhary,39,68395,757769,608,1,Risk
1671,Manoj Singh,53,64738,698164,338,1,Risk
1672,Rohit Gupta,37,22663,1290586,519,2,Risk
1673,Ankit Singh,50,58272,994600,430,0,Risk
1674,Ankit Sharma,60,30073,1471853,465,0,Risk
1675,Vivek Joshi,41,71767,521677,593,2,Risk
1676,Aman Yadav,31,32050,1229606,566,0,Risk
1677,Pankaj Choudhary,35,55195,1018726,506,0,Risk
1678,Karan Jain,34,41750,834420,469,2,Risk
1679,Tarun Choudhary,43,51120,506189,587,0,Risk
1680,Manoj Yadav,41,79277,490013,628,1,Risk
1681,Nitin Verma,54,45288,288251,431,2,Risk
1682,Ajay Choudhary,23,72613,1393968,560,3,Risk
1683,Vivek Jain,31,32616,374315,464,0,Risk
1684,Mohit Choudhary,34,20480,554440,620,0,Risk
1685,Pankaj Verma,30,33472,328607,575,3,Risk
1686,Rahul Joshi,25,66980,528444,469,0,Risk
1687,Amit Singh,37,72049,847652,428,0,Risk
1688,Pankaj Gupta,41,49564,1165939,622,3,Risk
1689,Rahul Gupta,58,64125,463243,360,0,Risk
1690,Amit Kumar,27,75590,1442475,337,2,Risk
1691,Vivek Jain,49,39749,799129,610,0,Risk
1692,Nitin Gupta,31,73878,1373414,638,0,Risk
1693,Mohit Yadav,39,28937,1299152,682,3,Risk
1694,Ankit Patel,56,64386,355313,673,2,Risk
1695,Mohit Singh,59,28076,1351457,321,0,Risk
1696,Nitin Choudhary,43,55882,729922,343,2,Risk
1697,Karan Gupta,32,79351,744300,630,1,Risk
1698,Suresh Saini,32,74706,623910,429,1,Risk
1699,Sachin Sharma,39,75796,542375,684,3,Risk
1700,Vikas Patel,43,26435,836019,401,3,Risk
1701,Ankit Jain,60,62957,922760,420,0,Risk
1702,Vikas Yadav,60,40826,902721,548,3,Risk
1703,Vivek Kumar,48,58284,964818,378,2,Risk
1704,Deepak Sharma,38,40526,1127248,426,1,Risk
1705,Ajay Singh,50,64536,1339216,675,2,Risk
1706,Manoj Meena,32,70775,592113,456,3,Risk
1707,Tarun Verma,37,75167,797782,443,1,Risk
1708,Vikas Kumar,58,24941,1355017,309,0,Risk
1709,Nitin Saini,55,33943,1319452,318,2,Risk
1710,Rakesh Jain,35,70803,1187143,376,2,Risk
1711,Sachin Kumar,53,76175,1365423,448,1,Risk
1712,Aman Verma,60,46003,740984,486,0,Risk
1713,Deepak Choudhary,57,29199,531689,528,1,Risk
1714,Sachin Jain,23,77160,1148248,374,3,Risk
1715,Suresh Joshi,35,35187,960696,332,2,Risk
1716,Amit Jain,51,33551,991645,565,2,Risk
1717,Manoj Sharma,54,22615,339553,632,2,Risk
1718,Mahesh Kumar,45,37256,986192,596,1,Risk
1719,Ajay Saini,35,62817,1113303,339,2,Risk
1720,Aman Gupta,59,43127,1236693,476,3,Risk
1721,Rahul Choudhary,35,77804,746320,371,3,Risk
1722,Vikas Choudhary,32,62170,635926,443,1,Risk
1723,Deepak Meena,47,59454,790341,667,0,Risk
1724,Arjun Kumar,34,27427,1151715,546,3,Risk
1725,Sachin Singh,23,62418,833103,510,0,Risk
1726,Ankit Saini,23,58820,1379189,382,1,Risk
1727,Sachin Singh,54,23664,505886,385,2,Risk
1728,Nitin Saini,26,56936,889127,626,0,Risk
1729,Karan Joshi,35,59749,666449,541,3,Risk
1730,Pankaj Saini,53,29352,1463729,598,1,Risk
1731,Mahesh Singh,59,67460,1298295,651,2,Risk
1732,Sachin Verma,27,35061,462576,493,3,Risk
1733,Rahul Yadav,59,54256,594932,558,3,Risk
1734,Rohit Singh,53,51186,1380419,614,0,Risk
1735,Rohit Verma,21,51604,1398984,637,1,Risk
1736,Pankaj Choudhary,48,47569,1358950,489,0,Risk
1737,Suresh Joshi,58,71744,1103809,693,3,Risk
1738,Sachin Verma,35,47884,1250057,368,2,Risk
1739,Vikas Patel,33,59209,846701,578,3,Risk
1740,Rahul Kumar,21,68735,1443694,303,0,Risk
1741,Nitin Jain,44,33462,1034720,652,2,Risk
1742,Rohit Singh,55,47923,797606,633,2,Risk
1743,Pankaj Saini,34,43962,1063331,613,2,Risk
1744,Pankaj Choudhary,44,71366,741632,585,3,Risk
1745,Mohit Choudhary,43,51703,1479937,429,2,Risk
1746,Nitin Kumar,49,29048,637105,637,0,Risk
1747,Deepak Verma,56,34054,890025,560,3,Risk
1748,Tarun Kumar,45,64863,671407,661,0,Risk
1749,Rahul Verma,26,73952,1292812,374,3,Risk
1750,Vikas Patel,23,34533,1459891,489,0,Risk
1751,Nitin Gupta,32,60236,431688,635,2,Risk
1752,Rakesh Joshi,23,20701,521918,403,2,Risk
1753,Tarun Choudhary,23,53804,634451,657,1,Risk
1754,Ajay Yadav,38,62927,506757,300,1,Risk
1755,Nitin Meena,54,63886,749511,502,3,Risk
1756,Rahul Kumar,39,66112,1493139,335,0,Risk
1757,Mohit Saini,59,42812,698636,477,2,Risk
1758,Karan Joshi,32,46473,789947,594,0,Risk
1759,Pankaj Choudhary,39,26977,1200107,586,0,Risk
1760,Arjun Verma,49,72621,897689,562,2,Risk
1761,Nitin Saini,50,51695,980795,694,1,Risk
1762,Manoj Saini,37,76493,636297,314,3,Risk
1763,Vikas Gupta,47,61527,979770,412,1,Risk
1764,Ajay Choudhary,39,55104,806153,304,2,Risk
1765,Vikas Gupta,56,64151,490198,683,2,Risk
1766,Deepak Joshi,38,40569,1416007,481,1,Risk
1767,Deepak Kumar,36,64768,752571,397,3,Risk
1768,Suresh Patel,60,33551,701404,417,1,Risk
1769,Ajay Singh,52,71048,529840,354,0,Risk
1770,Tarun Sharma,44,70085,1371864,577,0,Risk
1771,Tarun Meena,32,52266,1300623,594,2,Risk
1772,Aman Patel,54,46075,353931,413,1,Risk
1773,Pankaj Joshi,32,55439,1112879,316,2,Risk
1774,Manoj Verma,21,65760,1000768,565,3,Risk
1775,Rahul Jain,44,33811,861544,494,0,Risk
1776,Tarun Patel,38,32265,668641,580,2,Risk
1777,Rakesh Saini,48,42485,1268421,487,1,Risk
1778,Karan Gupta,46,65921,1105229,685,2,Risk
1779,Mahesh Joshi,35,31789,1376679,592,1,Risk
1780,Rohit Kumar,33,37691,997225,420,3,Risk
1781,Ankit Kumar,47,29800,529372,542,0,Risk
1782,Rakesh Singh,40,78541,1423221,622,2,Risk
1783,Mahesh Choudhary,27,76262,1226819,590,0,Risk
1784,Deepak Sharma,49,34120,382559,430,3,Risk
1785,Arjun Patel,22,43656,949994,484,2,Risk
1786,Pankaj Verma,57,43009,1434795,647,1,Risk
1787,Mohit Singh,53,71138,1047453,445,2,Risk
1788,Rakesh Kumar,50,49290,857333,340,3,Risk
1789,Ankit Singh,25,61981,1168774,472,3,Risk
1790,Vikas Singh,39,42519,887136,416,2,Risk
1791,Mahesh Saini,44,62247,1254254,502,2,Risk
1792,Sachin Choudhary,22,49510,643187,511,1,Risk
1793,Ankit Kumar,34,35376,354787,638,2,Risk
1794,Deepak Gupta,56,26750,1136092,348,0,Risk
1795,Amit Sharma,37,70523,580568,503,0,Risk
1796,Tarun Singh,35,25525,786422,635,3,Risk
1797,Suresh Kumar,54,38623,478423,526,1,Risk
1798,Deepak Sharma,51,22303,803511,639,2,Risk
1799,Manoj Choudhary,55,37852,482616,580,3,Risk
1800,Deepak Saini,55,59163,1403589,533,3,Risk
1801,Vivek Meena,49,51565,455633,576,1,Risk
1802,Vivek Meena,21,47014,881708,433,1,Risk
1803,Rahul Choudhary,39,73436,1098358,688,1,Risk
1804,Rakesh Choudhary,40,20545,1113207,652,3,Risk
1805,Rahul Gupta,56,72295,386612,449,1,Risk
1806,Ajay Yadav,36,46983,1072770,587,3,Risk
1807,Deepak Kumar,35,68307,1145009,630,3,Risk
1808,Mahesh Verma,60,47671,1331764,620,1,Risk
1809,Mahesh Patel,33,62497,1188407,680,2,Risk
1810,Vikas Singh,50,28953,1490425,448,0,Risk
1811,Tarun Joshi,41,37834,592993,658,3,Risk
1812,Rahul Singh,27,23252,516199,573,0,Risk
1813,Vivek Patel,35,28194,168175,666,3,Risk
1814,Vikas Singh,47,20965,831868,552,1,Risk
1815,Vivek Joshi,26,44339,924276,537,0,Risk
1816,Ankit Sharma,55,37465,347029,697,3,Risk
1817,Rakesh Singh,28,32595,199431,428,3,Risk
1818,Suresh Gupta,33,70543,432991,526,1,Risk
1819,Manoj Kumar,45,70527,1354222,348,1,Risk
1820,Vivek Meena,54,30394,1314522,622,0,Risk
1821,Rohit Patel,44,51537,684438,626,2,Risk
1822,Amit Jain,41,34272,1091862,357,1,Risk
1823,Rahul Singh,36,72061,1200375,441,0,Risk
1824,Rahul Sharma,44,58081,625446,653,3,Risk
1825,Vikas Yadav,42,30334,1459062,555,0,Risk
1826,Amit Sharma,27,43299,1351309,630,1,Risk
1827,Ankit Joshi,33,35248,1106300,462,2,Risk
1828,Rahul Kumar,23,44757,759533,483,1,Risk
1829,Rakesh Kumar,52,48672,1391555,586,2,Risk
1830,Karan Saini,50,32230,849957,578,2,Risk
1831,Mahesh Saini,54,79930,554094,583,1,Risk
1832,Ankit Joshi,21,39377,1159157,434,2,Risk
1833,Aman Gupta,60,68080,1113921,394,0,Risk
1834,Suresh Meena,54,67251,744440,332,3,Risk
1835,Rakesh Choudhary,47,30101,837046,613,2,Risk
1836,Arjun Verma,29,26308,233347,567,0,Risk
1837,Deepak Sharma,27,33243,578064,354,3,Risk
1838,Amit Saini,60,62057,1423012,498,3,Risk
1839,Sachin Patel,25,23216,1396856,487,1,Risk
1840,Rahul Yadav,24,62975,1306466,551,0,Risk
1841,Ajay Choudhary,60,68724,475884,512,2,Risk
1842,Mahesh Choudhary,25,22664,760654,675,0,Risk
1843,Karan Choudhary,45,26364,1256794,351,1,Risk
1844,Karan Yadav,32,54484,1477854,636,1,Risk
1845,Mohit Kumar,50,56578,1043593,512,0,Risk
1846,Pankaj Verma,42,30932,1223077,392,3,Risk
1847,Deepak Choudhary,56,59316,967507,526,2,Risk
1848,Arjun Meena,59,47023,923440,691,3,Risk
1849,Suresh Saini,37,55758,1442724,409,3,Risk
1850,Ajay Joshi,39,49327,329328,503,0,Risk
1851,Tarun Sharma,40,53922,293385,369,2,Risk
1852,Suresh Yadav,56,76080,969124,461,0,Risk
1853,Aman Choudhary,23,57399,494729,592,1,Risk
1854,Manoj Meena,58,30230,930978,370,2,Risk
1855,Suresh Yadav,46,36793,1390363,453,0,Risk
1856,Sachin Yadav,32,68120,1362545,339,2,Risk
1857,Rakesh Kumar,23,66061,970275,595,0,Risk
1858,Sachin Gupta,43,25143,836980,699,0,Risk
1859,Pankaj Gupta,45,76874,418349,361,1,Risk
1860,Amit Patel,57,54365,1414139,321,2,Risk
1861,Ankit Meena,24,52925,595903,657,1,Risk
1862,Nitin Joshi,48,69338,822437,604,0,Risk
1863,Vivek Gupta,51,29700,331609,367,2,Risk
1864,Sachin Kumar,26,23231,676778,580,3,Risk
1865,Nitin Choudhary,51,48474,535214,696,1,Risk
1866,Mohit Yadav,60,51972,1446713,502,1,Risk
1867,Aman Yadav,41,35880,1091313,336,2,Risk
1868,Sachin Verma,44,27374,1035099,643,3,Risk
1869,Ajay Yadav,31,41019,854346,476,0,Risk
1870,Ajay Saini,23,73843,1302933,526,1,Risk
1871,Suresh Yadav,28,64915,514540,491,1,Risk
1872,Amit Yadav,42,60698,342290,375,2,Risk
1873,Rohit Patel,34,49495,953470,541,0,Risk
1874,Mohit Yadav,51,33356,1327697,579,2,Risk
1875,Tarun Kumar,58,29263,946116,655,0,Risk
1876,Aman Sharma,33,36741,789324,387,0,Risk
1877,Tarun Patel,45,23478,267055,538,0,Risk
1878,Mahesh Jain,22,75842,615474,637,2,Risk
1879,Vivek Jain,27,45331,1303141,418,3,Risk
1880,Arjun Joshi,33,76804,784965,605,0,Risk
1881,Aman Joshi,36,56745,377091,664,0,Risk
1882,Aman Patel,22,41860,548563,550,3,Risk
1883,Ajay Jain,53,43062,720667,481,2,Risk
1884,Mahesh Sharma,56,61011,376849,431,3,Risk
1885,Mahesh Yadav,26,29942,447566,474,3,Risk
1886,Nitin Choudhary,36,64433,1207376,613,1,Risk
1887,Sachin Singh,55,47948,1191716,459,2,Risk
1888,Ankit Yadav,40,62760,613436,370,1,Risk
1889,Aman Singh,31,48184,1435484,694,1,Risk
1890,Arjun Verma,41,56525,678784,572,0,Risk
1891,Ankit Kumar,47,21932,987965,691,2,Risk
1892,Vivek Joshi,33,68864,672997,626,2,Risk
1893,Rohit Singh,57,32107,1440579,313,2,Risk
1894,Tarun Yadav,43,59083,360118,418,1,Risk
1895,Vikas Kumar,59,71106,1418981,544,1,Risk
1896,Rakesh Kumar,52,62570,1135413,491,1,Risk
1897,Rakesh Singh,47,30733,231255,398,1,Risk
1898,Rahul Patel,25,47069,674342,413,1,Risk
1899,Deepak Joshi,50,76828,1075495,615,3,Risk
1900,Suresh Gupta,41,46533,1040367,697,0,Risk
1901,Nitin Saini,27,68658,1445170,592,0,Risk
1902,Manoj Joshi,55,74198,1468788,321,1,Risk
1903,Nitin Kumar,24,22572,1205256,585,3,Risk
1904,Karan Patel,50,48806,853636,503,2,Risk
1905,Deepak Gupta,30,39295,1290638,613,0,Risk
1906,Manoj Jain,58,49602,635017,346,0,Risk
1907,Mohit Singh,22,45760,1184376,511,2,Risk
1908,Deepak Joshi,26,58686,1256969,664,1,Risk
1909,Mahesh Meena,26,65332,595751,632,1,Risk
1910,Rohit Kumar,54,49451,436155,624,2,Risk
1911,Nitin Kumar,56,71843,1163361,561,1,Risk
1912,Nitin Sharma,31,70348,676500,387,2,Risk
1913,Ankit Singh,40,70407,1241961,664,0,Risk
1914,Vivek Kumar,28,70372,740807,528,2,Risk
1915,Ankit Yadav,50,20231,136756,618,2,Risk
1916,Rakesh Joshi,34,55618,786957,302,3,Risk
1917,Sachin Jain,26,51176,1192559,532,3,Risk
1918,Tarun Saini,56,20430,1411893,425,2,Risk
1919,Karan Sharma,23,32113,902512,375,0,Risk
1920,Ankit Sharma,26,63712,1022950,595,2,Risk
1921,Amit Verma,60,47325,843014,391,1,Risk
1922,Tarun Saini,58,71596,1322892,587,1,Risk
1923,Ajay Sharma,44,26103,817521,693,2,Risk
1924,Nitin Verma,51,69705,972639,518,0,Risk
1925,Ankit Verma,47,65522,1442919,440,2,Risk
1926,Aman Yadav,57,65601,567228,407,0,Risk
1927,Aman Verma,59,51697,1164081,670,2,Risk
1928,Arjun Patel,60,54432,554188,594,2,Risk
1929,Sachin Joshi,32,54059,1313151,673,3,Risk
1930,Tarun Yadav,28,66437,345500,448,1,Risk
1931,Rahul Joshi,47,60990,1184496,360,1,Risk
1932,Amit Meena,33,42914,248262,586,1,Risk
1933,Vivek Patel,53,71786,998671,334,2,Risk
1934,Mohit Meena,42,70268,1060284,303,0,Risk
1935,Nitin Kumar,33,57284,664740,615,0,Risk
1936,Arjun Meena,29,64071,404926,545,3,Risk
1937,Rakesh Singh,47,61104,1285390,535,2,Risk
1938,Amit Choudhary,55,39617,1372375,589,2,Risk
1939,Rahul Yadav,25,57840,1040743,650,2,Risk
1940,Ankit Patel,55,75098,1172426,315,2,Risk
1941,Deepak Saini,40,59694,553510,499,1,Risk
1942,Arjun Kumar,52,22072,302388,439,3,Risk
1943,Suresh Meena,40,49616,1359295,454,1,Risk
1944,Deepak Verma,49,44524,426824,319,1,Risk
1945,Aman Sharma,42,72364,770722,547,1,Risk
1946,Rakesh Kumar,30,77270,1082827,568,2,Risk
1947,Rohit Choudhary,50,64349,408401,367,1,Risk
1948,Nitin Kumar,40,76676,401999,567,0,Risk
1949,Amit Jain,50,75582,1086869,604,0,Risk
1950,Amit Verma,57,54116,327724,692,2,Risk
1951,Vivek Jain,33,78466,822925,407,2,Risk
1952,Vivek Patel,38,54883,531146,463,3,Risk
1953,Ankit Singh,53,37933,1373285,358,0,Risk
1954,Rohit Yadav,30,55555,856212,479,2,Risk
1955,Vivek Saini,60,36044,843226,387,0,Risk
1956,Arjun Choudhary,51,49074,316172,325,1,Risk
1957,Amit Verma,46,45139,1130058,327,0,Risk
1958,Deepak Kumar,40,59067,1051133,603,3,Risk
1959,Arjun Yadav,57,66720,1320233,688,0,Risk
1960,Ankit Verma,50,73271,580330,657,3,Risk
1961,Vivek Jain,35,62232,1307966,663,3,Risk
1962,Suresh Singh,46,76432,1154368,615,2,Risk
1963,Deepak Kumar,52,63593,1278568,469,2,Risk
1964,Rahul Verma,50,51151,1269561,357,2,Risk
1965,Deepak Patel,27,70327,1426882,478,1,Risk
1966,Nitin Kumar,40,72216,519818,354,2,Risk
1967,Mohit Joshi,60,46267,741663,602,3,Risk
1968,Suresh Choudhary,42,30421,300642,546,3,Risk
1969,Karan Kumar,42,58729,1493173,520,3,Risk
1970,Mohit Kumar,52,35476,1391540,388,0,Risk
1971,Rohit Saini,27,59064,1469423,537,2,Risk
1972,Manoj Singh,27,40187,1465575,507,0,Risk
1973,Tarun Gupta,34,41457,407146,553,0,Risk
1974,Ankit Saini,30,79195,713680,686,0,Risk
1975,Manoj Choudhary,34,39103,615857,499,3,Risk
1976,Arjun Patel,43,57373,1208553,647,2,Risk
1977,Vikas Saini,39,20532,380163,613,3,Risk
1978,Amit Meena,56,79052,407028,581,0,Risk
1979,Ajay Verma,48,76442,885546,444,0,Risk
1980,Sachin Gupta,45,60974,1166382,462,3,Risk
1981,Pankaj Choudhary,29,33842,1175087,639,1,Risk
1982,Karan Choudhary,39,45204,559541,484,3,Risk
1983,Ankit Singh,52,20760,415781,336,0,Risk
1984,Pankaj Singh,59,25548,1094101,370,3,Risk
1985,Pankaj Saini,49,31783,1326647,532,3,Risk
1986,Nitin Meena,21,34794,1451852,395,3,Risk
1987,Sachin Joshi,38,75496,1439681,674,1,Risk
1988,Pankaj Choudhary,57,57771,378263,487,0,Risk
1989,Rakesh Kumar,30,44155,398679,357,3,Risk
1990,Aman Patel,60,50470,1359908,564,0,Risk
1991,Vikas Yadav,58,50962,1395588,622,0,Risk
1992,Vivek Saini,50,23458,1110579,475,0,Risk
1993,Aman Joshi,43,57615,1181009,675,2,Risk
1994,Vivek Patel,37,30977,1347062,318,2,Risk
1995,Amit Jain,24,51009,1466419,596,1,Risk
1996,Vivek Kumar,26,60915,1331190,313,2,Risk
1997,Ankit Choudhary,60,25037,413138,442,2,Risk
1998,Mahesh Patel,59,76220,625036,431,0,Risk
1999,Deepak Saini,32,68428,1127597,377,3,Risk
2000,Mahesh Kumar,23,35479,1293409,548,1,Risk
